{
    "bcnod": [
        [
            1,
            1
        ],
        [
            2,
            1
        ],
        [
            3,
            1
        ],
        [
            4,
            1
        ],
        [
            5,
            1
        ],
        [
            6,
            1
        ],
        [
            7,
            1
        ],
        [
            8,
            1
        ],
        [
            9,
            1
        ],
        [
            10,
            1
        ],
        [
            11,
            1
        ],
        [
            12,
            1
        ],
        [
            13,
            1
        ],
        [
            14,
            1
        ],
        [
            19,
            1
        ],
        [
            20,
            1
        ],
        [
            21,
            1
        ],
        [
            22,
            1
        ],
        [
            23,
            1
        ],
        [
            24,
            1
        ],
        [
            25,
            1
        ],
        [
            26,
            1
        ],
        [
            27,
            1
        ],
        [
            28,
            1
        ],
        [
            29,
            1
        ],
        [
            30,
            1
        ],
        [
            31,
            1
        ],
        [
            32,
            1
        ]
    ],
    "bcval": [
        -21145.20000000001,
        -21145.20000000001,
        -21145.20000000001,
        -21145.20000000001,
        -21145.20000000001,
        -21145.20000000001,
        -21145.20000000001,
        -21145.20000000001,
        -21145.20000000001,
        -21145.20000000001,
        -21145.20000000001,
        -21145.20000000001,
        -21145.20000000001,
        -21145.20000000001,
        7166.799999999991,
        7166.799999999991,
        7166.799999999991,
        7166.799999999991,
        7166.799999999991,
        7166.799999999991,
        7166.799999999991,
        7166.799999999991,
        7166.799999999991,
        7166.799999999991,
        7166.799999999991,
        7166.799999999991,
        7166.799999999991,
        7166.799999999991
    ],
    "bcval_idx": [
        -21145.20000000001,
        -21145.20000000001,
        -21145.20000000001,
        -21145.20000000001,
        -21145.20000000001,
        -21145.20000000001,
        -21145.20000000001,
        -21145.20000000001,
        -21145.20000000001,
        -21145.20000000001,
        -21145.20000000001,
        -21145.20000000001,
        -21145.20000000001,
        -21145.20000000001,
        7166.799999999991,
        7166.799999999991,
        7166.799999999991,
        7166.799999999991,
        7166.799999999991,
        7166.799999999991,
        7166.799999999991,
        7166.799999999991,
        7166.799999999991,
        7166.799999999991,
        7166.799999999991,
        7166.799999999991,
        7166.799999999991,
        7166.799999999991
    ],
    "coord": [
        [
            1.0,
            0.97499999999322,
            0.94999999989104,
            0.92499999979752,
            0.89999999972136,
            0.87499999974928,
            0.84999999972949,
            0.82499999963164,
            0.79999999972461,
            0.77499999974819,
            0.7499999998455,
            0.7249999999775,
            0.7000000001095,
            0.67500000018946,
            0.66552493720286,
            0.66666666666667,
            0.66666666666667,
            0.66553962060802,
            0.67500000018946,
            0.7000000001095,
            0.7249999999775,
            0.7499999998455,
            0.77499999974819,
            0.7992424166148,
            0.82499999963164,
            0.84999999972949,
            0.87083334215423,
            0.89999999972136,
            0.92499999979752,
            0.94999999989104,
            0.97499999999322,
            1.0,
            1.0,
            0.67820187519311,
            0.86062935892162,
            0.78741664139115,
            0.913243761928,
            0.7384722021697,
            0.96014341381745,
            0.83757498510725,
            0.88595898679538,
            0.71205758317105,
            0.76280081828766,
            0.93767600719519,
            0.68858894809818,
            0.88005332463982,
            0.68787875775918,
            0.86149916217829,
            0.81280546722901,
            0.82493326842785,
            0.78808640659923,
            0.71068130010231,
            0.737646622025,
            0.91181277984436,
            0.93680340804226,
            0.67601618424952,
            0.76307522057443,
            0.96228274334545,
            0.69548169286476,
            0.67574024104115,
            0.8415206557126,
            0.849792563727,
            0.80750517243671,
            0.87218443192408,
            0.9825156733569,
            0.89470029156264,
            0.98356848768291,
            0.80040378719509,
            0.7776374086092,
            0.72471442686701,
            0.92488398925245
        ],
        [
            0.58015873008805,
            0.57985345735299,
            0.57959885860325,
            0.57940048264155,
            0.57926397727722,
            0.57919501126234,
            0.57919918238516,
            0.57928191229236,
            0.57944832937587,
            0.57970314196488,
            0.58005050498,
            0.58049388419244,
            0.58103592306879,
            0.58167831790182,
            0.58847637626754,
            0.6,
            0.62499999988435,
            0.63780569224256,
            0.64443723666157,
            0.6461588123393,
            0.64758863002366,
            0.6487115023799,
            0.64952322378932,
            0.65000585334751,
            0.65009942099593,
            0.65008189048102,
            0.64995279200915,
            0.64940506991629,
            0.64872619347732,
            0.64789995284456,
            0.64695574030047,
            0.64592054677847,
            0.61303963843335,
            0.61254697661203,
            0.6329046809648,
            0.62937132928557,
            0.62705217292141,
            0.62650463500774,
            0.62554272876287,
            0.59958443815804,
            0.59924455428865,
            0.6021457671401,
            0.60152697594721,
            0.60188030404653,
            0.62948477912138,
            0.63297397837772,
            0.59609718333339,
            0.59834307803784,
            0.59929593466385,
            0.62054771276055,
            0.59906600076683,
            0.62660729703496,
            0.60169634185501,
            0.60225480247241,
            0.6267853890549,
            0.63167314016197,
            0.62613129669589,
            0.60105939289983,
            0.61337640064837,
            0.59389945653907,
            0.63342591326399,
            0.61580833516414,
            0.63253156917054,
            0.61626250649367,
            0.62564588196563,
            0.6193566932086,
            0.59940825679337,
            0.61502245764029,
            0.61458966814574,
            0.61423851025945,
            0.61449316712381
        ]
    ],
    "dofel": 3,
    "dofs_per_node": 1,