{
    "bcnod": [
        [
            1,
            1
        ],
        [
            2,
            1
        ],
        [
            3,
            1
        ],
        [
            4,
            1
        ],
        [
            5,
            1
        ],
        [
            6,
            1
        ],
        [
            7,
            1
        ],
        [
            8,
            1
        ],
        [
            9,
            1
        ],
        [
            10,
            1
        ],
        [
            11,
            1
        ],
        [
            12,
            1
        ],
        [
            13,
            1
        ],
        [
            14,
            1
        ],
        [
            19,
            1
        ],
        [
            20,
            1
        ],
        [
            21,
            1
        ],
        [
            22,
            1
        ],
        [
            23,
            1
        ],
        [
            24,
            1
        ],
        [
            25,
            1
        ],
        [
            26,
            1
        ],
        [
            27,
            1
        ],
        [
            28,
            1
        ],
        [
            29,
            1
        ],
        [
            30,
            1
        ],
        [
            31,
            1
        ],
        [
            32,
            1
        ]
    ],
    "bcval": [
        -21145.20000000001,
        -21145.20000000001,
        -21145.20000000001,
        -21145.20000000001,
        -21145.20000000001,
        -21145.20000000001,
        -21145.20000000001,
        -21145.20000000001,
        -21145.20000000001,
        -21145.20000000001,
        -21145.20000000001,
        -21145.20000000001,
        -21145.20000000001,
        -21145.20000000001,
        7166.799999999991,
        7166.799999999991,
        7166.799999999991,
        7166.799999999991,
        7166.799999999991,
        7166.799999999991,
        7166.799999999991,
        7166.799999999991,
        7166.799999999991,
        7166.799999999991,
        7166.799999999991,
        7166.799999999991,
        7166.799999999991,
        7166.799999999991
    ],
    "bcval_idx": [
        -21145.20000000001,
        -21145.20000000001,
        -21145.20000000001,
        -21145.20000000001,
        -21145.20000000001,
        -21145.20000000001,
        -21145.20000000001,
        -21145.20000000001,
        -21145.20000000001,
        -21145.20000000001,
        -21145.20000000001,
        -21145.20000000001,
        -21145.20000000001,
        -21145.20000000001,
        7166.799999999991,
        7166.799999999991,
        7166.799999999991,
        7166.799999999991,
        7166.799999999991,
        7166.799999999991,
        7166.799999999991,
        7166.799999999991,
        7166.799999999991,
        7166.799999999991,
        7166.799999999991,
        7166.799999999991,
        7166.799999999991,
        7166.799999999991
    ],
    "coord": [
        [
            0.0,
            0.025000000027353,
            0.050000000051207,
            0.075000000081023,
            0.10000000011762,
            0.12500000015583,
            0.15000000018809,
            0.17500000022848,
            0.20000000025043,
            0.22500000029082,
            0.25000000034964,
            0.27500000044749,
            0.30000000052799,
            0.32500000056729,
            0.33447506304285,
            0.33333333333333,
            0.33333333333333,
            0.33446037964773,
            0.32500000056729,
            0.30000000052799,
            0.27500000044749,
            0.25000000034964,
            0.22500000029082,
            0.20075759890284,
            0.17500000022848,
            0.15000000018809,
            0.12916662782006,
            0.10000000011762,
            0.075000000081023,
            0.050000000051207,
            0.025000000027354,
            0.0,
            0.0,
            0.3217981247678,
            0.13937062144237,
            0.21258336576827,
            0.086756236335114,
            0.26152779810052,
            0.039856586169478,
            0.16242501530165,
            0.11404100370366,
            0.28794241718148,
            0.23719918182551,
            0.062323992719504,
            0.31141105258288,
            0.11994664786067,
            0.31212124294233,
            0.13850083105496,
            0.18719453430626,
            0.17506673111671,
            0.21191359493104,
            0.28931870054204,
            0.26235337829105,
            0.088187216199941,
            0.063196591897457,
            0.32398381609219,
            0.23692478278544,
            0.037717256636265,
            0.30451830760331,
            0.32425975932731,
            0.15847933544977,
            0.15020743532959,
            0.19249483269244,
            0.1278155528911,
            0.017484326603472,
            0.10529968790285,
            0.016431512274449,
            0.19959621689534,
            0.22236258993404,
            0.27528557352877,
            0.075116009288004
        ],
        [
            0.58015873004502,
            0.57985345731174,
            0.57959885856487,
            0.57940048260571,
            0.57926397724357,
            0.57919501123056,
            0.5791991823556,
            0.57928191226477,
            0.57944832935131,
            0.57970314194356,
            0.58005050496381,
            0.58049388418402,
            0.58103592306952,
            0.58167831791075,
            0.58847637620525,
            0.6,
            0.62499999988797,
            0.63780569245129,
            0.64443723677898,
            0.64615881251315,
            0.64758863025421,
            0.64871150265814,
            0.64952322410098,
            0.65000585318271,
            0.65009942094732,
            0.65008189042825,
            0.64995279200141,
            0.64940507023385,
            0.6487261937744,
            0.64789995311784,
            0.64695574054785,
            0.64592054699426,
            0.61303963851973,
            0.61254697661837,
            0.63290467117814,
            0.62937133950046,
            0.62705217171591,
            0.62650463509536,
            0.6255427290388,
            0.59958443789648,
            0.59924454771372,
            0.60214576721206,
            0.60152697602375,
            0.60188030401494,
            0.62948477947679,
            0.63297396433336,
            0.59609718304968,
            0.59834307283901,
            0.59929593550082,
            0.62054771069657,
            0.59906600116224,
            0.62660729712445,
            0.60169634202333,
            0.60225479916831,
            0.62678538940127,
            0.63167314040432,
            0.62613129376495,
            0.60105939306511,
            0.61337640069627,
            0.59389945636356,
            0.63342590632639,
            0.61580832609707,
            0.63253157119294,
            0.61626249497375,
            0.62564588217291,
            0.61935667546373,
            0.5994082567671,
            0.61502245958609,
            0.61458967202067,
            0.6142385103638,
            0.61449316607511
        ]
    ],
    "dofel": 3,
    "dofs_per_node": 1,